id,name,amount,email,sent,date
1,justin,1222.22,hello@mail.com,,2017-07-12 01:55:22.616106
2,justin,1222.22,hello@mail.com,,2017-07-12 01:55:22.616182
3,justin,1222.22,hello@mail.com,,2017-07-12 01:55:22.616211
4,justin,1222.22,hello@mail.com,,2017-07-12 01:55:22.616232
5,justin,1222.22,hello@mail.com,,2017-07-12 01:55:22.616252
6,justin,1222.22,hello@mail.com,,2017-07-12 01:55:22.616271
7,justin,1222.22,hello@mail.com,,2017-07-12 01:55:22.616289
8,justin,1222.22,hello@mail.com,,2017-07-12 01:55:22.616308
9,justin,1222.22,hello@mail.com,,2017-07-12 01:55:22.616326
10,justin,1222.22,hello@mail.com,,2017-07-12 01:55:22.616344
11,justin,1222.22,hello@mail.com,,2017-07-12 01:55:22.616363
12,justin,1222.22,hello@mail.com,,2017-07-12 01:55:22.616382
13,justin,1222.22,hello@mail.com,,2017-07-12 01:55:22.616401
14,justin,1222.22,hello@mail.com,,2017-07-12 01:55:22.616419
15,justin,1222.22,hello@mail.com,,2017-07-12 01:55:22.616437
16,justin,1222.22,hello@mail.com,,2017-07-12 01:55:22.616456
17,justin,1222.22,hello@mail.com,,2017-07-12 01:55:22.616474
18,justin,1222.22,hello@mail.com,,2017-07-12 01:55:22.616495
19,justin,1222.22,hello@mail.com,,2017-07-12 01:55:22.616513
20,justin,1222.22,hello@mail.com,,2017-07-12 01:55:22.616531
21,justin,1222.22,hello@mail.com,,2017-07-12 01:55:22.616550
22,justin,1222.22,,,2017-07-12 01:55:22.616568
23,justin,1222.22,,,2017-07-12 01:55:22.616586
